{
  "hash": "40017e78",
  "configHash": "70335b2e",
  "lockfileHash": "0459ac8b",
  "browserHash": "14dfcb33",
  "optimized": {
    "@angular/Forms": {
      "src": "../../../../../node_modules/@angular/forms/fesm2022/forms.mjs",
      "file": "@angular_Forms.js",
      "fileHash": "326c5ca9",
      "needsInterop": false
    },
    "@angular/core": {
      "src": "../../../../../node_modules/@angular/core/fesm2022/core.mjs",
      "file": "@angular_core.js",
      "fileHash": "d39fbd77",
      "needsInterop": false
    },
    "@angular/platform-browser": {
      "src": "../../../../../node_modules/@angular/platform-browser/fesm2022/platform-browser.mjs",
      "file": "@angular_platform-browser.js",
      "fileHash": "90abaf4f",
      "needsInterop": false
    },
    "@angular/router": {
      "src": "../../../../../node_modules/@angular/router/fesm2022/router.mjs",
      "file": "@angular_router.js",
      "fileHash": "0dae03f2",
      "needsInterop": false
    },
    "@angular/common": {
      "src": "../../../../../node_modules/@angular/common/fesm2022/common.mjs",
      "file": "@angular_common.js",
      "fileHash": "0d0598c5",
      "needsInterop": false
    }
  },
  "chunks": {
    "chunk-2ZJC6V2N": {
      "file": "chunk-2ZJC6V2N.js"
    },
    "chunk-PDAGKNML": {
      "file": "chunk-PDAGKNML.js"
    },
    "chunk-ZM642NCP": {
      "file": "chunk-ZM642NCP.js"
    }
  }
}